<?xml version="1.0" encoding="UTF-8"?>
<ApexPage xmlns="http://soap.sforce.com/2006/04/metadata">
    <apiVersion>29.0</apiVersion>
    <availableInTouch>false</availableInTouch>
    <confirmationTokenRequired>false</confirmationTokenRequired>
    <label>PaymentRequest</label>
    <packageVersions>
        <majorNumber>2</majorNumber>
        <minorNumber>28</minorNumber>
        <namespace>ChargentBase</namespace>
    </packageVersions>
    <packageVersions>
        <majorNumber>2</majorNumber>
        <minorNumber>58</minorNumber>
        <namespace>ChargentSFA</namespace>
    </packageVersions>
</ApexPage>
